,repository_name,repository_language
0,truth,Java
1,ruby-openid-apps-discovery,Ruby
2,autoparse,Ruby
3,anvil-build,Python
4,googletv-android-samples,Java
5,ChannelPlate,JavaScript
6,GL-Shader-Validator,Python
7,qpp,JavaScript
8,CSP-Validator,Python
9,embed-dart-vm,C++
10,module-server,JavaScript
11,cxx-std-draft,TeX
12,filesystem-proposal,C++
13,libcxx,C++
14,tracing-framework,JavaScript
15,namebench,Go
16,devtoolsExtended,JavaScript
17,sirius,
18,testRunner,JavaScript
19,crx2app,JavaScript
20,episodes.dart,Dart
21,cpp-netlib,C++
22,dagger,Java
23,ios-webkit-debug-proxy,C
24,google.github.io,HTML
25,kratu,JavaScript
26,build-debian-cloud,Shell
27,traceur-compiler,JavaScript
28,firmata.py,Python
29,vector_math.dart,Dart
30,developer.github.com,Ruby
31,latency-benchmark,C
32,google-api-cpp-client,C++
33,gwtmockito,Java
34,gwteventbinder,Java
35,lisp-koans,Common Lisp
36,concatenate.js,JavaScript
37,dart-collab,Dart
38,auto,Java
39,go-github,Go
40,streamy-dart,Dart
41,prerender-test,JavaScript
42,google-api-ruby-client-samples,
43,pinject,Python
44,html-quiz,JavaScript
45,safevarargs,
46,paco,Objective-C
47,uri.dart,Dart
48,protobuf.dart,Dart
49,ansicolor-dart,Dart
50,data-layer-helper,JavaScript
51,carfac,Jupyter Notebook
52,dpy,Python
53,webdriver.dart,Dart
54,mockable_filesystem.dart,Dart
55,dart-gif-encoder,Dart
56,gumbo-parser,HTML
57,quiver-dart,Dart
58,closure-library,JavaScript
59,patchfield,Java
60,perf_api.dart,Dart
61,dart-sync-socket,Dart
62,compile-testing,Java
63,network-mapper,
64,pixelcycle-sample-app,Dart
65,wiberg-minimization,
66,memcache-collections,Python
67,go-querystring,Go
68,tiff,Go
69,beta-binomial-fitting,
70,dart-sync-webdriver,Dart
71,lmctfy,C++
72,open-gantry,CSS
73,tsviewdb,JavaScript
74,vpn-reverse-tether,C
75,gfw-deployments,Python
76,pepper.js,JavaScript
77,grinder.dart,Dart
78,zimu,C
79,self-hosted-rss-to-email,Go
80,capsicum-linux,C
81,capsicum-test,C++
82,url_diff,Python
83,jimfs,Java
84,appengine_xblock_runtime,Python
85,blockly,TypeScript
86,gfw-toolkit,Python
87,libkml,C++
88,coursebuilder_xblock_module,Python
89,gae-channel-api.dart,Dart
90,container-rfc,
91,liquidfun,C++
92,pytypedecl,Python
93,grr,Python
94,vim-maktaba,Vim Script
95,vim-glaive,Vim Script
96,benchmark,C++
97,angular_node_bind.dart,Dart
98,grafika,Java
99,wheelbarrow,Python
100,skia,C++
101,skia-buildbot,Go
102,instant-hangouts,JavaScript
103,extra-keyboards-for-chrome-os,JavaScript
104,gipfeli,C++
105,favcolor-server,Ruby
106,favcolor-android,Java
107,favcolor-ios,
108,systemjs,JavaScript
109,radioreceiver,JavaScript
110,j2objc,Java
111,pygtrie,Python
112,course-builder,
113,page-timer,JavaScript
114,sre_yield,Python
115,dart-tagtree,Dart
116,oss-bench,
117,FakeMaker,JavaScript
118,grr-doc,Python
119,Refaster,Java
120,vroom,Python
121,snappy,C++
122,favcolor-findidp,
123,googleapps-password-generator,
124,vim-ft-vroom,VimL
125,vimdoc,Python
126,googleapps-message-recall,Python
127,YouCompleteSubl,
128,palette.js,JavaScript
129,pyringe,Python
130,quiver-log,Dart
131,autofdo,C++
132,iosched,Kotlin
133,souper,C++
134,web-starter-kit,HTML
135,realtime-help,Python
136,closure-compiler,Java
137,closure-templates,Java
138,gdal-autotest2,
139,ohmu,C++
140,lab_device_proxy,Python
141,WebFundamentals,JavaScript
142,canvas-5-polyfill,JavaScript
143,closure-stylesheets,Java
144,heartbleed-burp-extension,Java
145,capsicum-man-pages,Groff
146,jsaction,JavaScript
147,gtest-parallel,Python
148,rekall,Python
149,photo-sphere,
150,flatbuffers,C++
151,rekall-profiles,HTML
152,certificate-transparency,C++
153,certificate-transparency-rfcs,Python
154,ct-hackday-schwag,Go
155,libpam-policycache,C
156,libnss-cache,C
157,nsscache,Python
158,cronutils,C
159,mtail,Go
160,guice,Java
161,guava,Java
162,kernel-sanitizers,Python
163,tink,Java
164,LiquidFunPaint,Java
165,u2f-ref-code,JavaScript
166,cadvisor,Go
167,deepboost,C++
168,ExoPlayer,Java
169,fruit,C++
170,chrome-language-immersion,JavaScript
171,timesketch,Python
172,domaintest,Java
173,codeworld,Haskell
174,xsecurelock,C
175,battery-historian,Go
176,midi-dump-tools,C
177,pyrios,Go
178,catnip,Python
179,python-adb,Python
180,openrtb-doubleclick,Java
181,openrtb,Java
182,VoltAir,C++
183,jenkins-flaky-test-report,
184,files.dart,Dart
185,dart-emacs-plugin-unsupported,Emacs Lisp
186,tern-closure,JavaScript
187,NLSdata,R
188,glmmplus,R
189,glassbox,R
190,polymer-dart-log-controller,Dart
191,coursebuilder-learning-analytics,
192,gofountain,Go
193,charted,Dart
194,gofuzz,Go
195,cpython-pt,Python
196,byterun,Python
197,btree,Go
198,jsonnet,Jsonnet
199,ktsan,
200,epr,JavaScript
201,forcefield,Gosu
202,CausalImpact,R
203,pandas,
204,region-flags,HTML
205,web-starter-kit-extras,
206,chromeos-filesystems,JavaScript
207,paramgmt,Python
208,go-tpm,Go
209,coursebuilder-lti-module,Python
210,googleapis.dart,Dart
211,skicka,Go
212,cameraraw,Go
213,rct-automation,C++
214,vim-ft-go,Vim script
215,macops,Python
216,re2,C++
217,novm,Go
218,Idris-dev,
219,error-prone,Java
220,blockly-games,JavaScript
221,gjstest,C++
222,adb-sync,Python
223,redgrep,C++
224,coursebuilder-core,Python
225,coursebuilder-releases,
226,coursebuilder-resources,Shell
227,refr,C++
228,infact,C++
229,go-glicko2,
230,angle,C++
231,gin,
232,hat-backup,Rust
233,python-atfork,Python
234,gae-secure-scaffold-python,Python
235,leveldb,C++
236,error-prone-javac,Java
237,xpaf,C++
238,java-thread-sanitizer,Java
239,libaddressinput,C++
240,recki-ct,PHP
241,turing-doodle,JavaScript
242,sanitizers,C
243,linear-book-scanner,Python
244,kv-s3105c,C
245,syzygy,C++
246,google-input-tools,JavaScript
247,retrofit,Java
248,open-vcdiff,C++
249,trace-viewer,
250,pageloader,Dart
251,pull-request-mailer,Haskell
252,identity-toolkit-java-client,Java
253,identity-toolkit-python-client,Python
254,identity-toolkit-php-client,PHP
255,identity-toolkit-ruby-client,Ruby
256,transitfeed,Python
257,serialization.dart,Dart
258,firing-range,Java
259,ldpush,Python
260,py-ast-utils,Python
261,mathfu,C++
262,zarathustra,Java
263,uribeacon,
264,pubsubhubbub,
265,identity-toolkit-go-client,Go
266,ebola-tools,Python
267,open-location-code,Java
268,lovefield,JavaScript
269,recaptcha,PHP
270,physical-web,Java
271,vogon,JavaScript
272,cap-library,HTML
273,end-to-end,JavaScript
274,app-resource-bundle,JavaScript
275,simple-pedometer,Java
276,sensor-data-collection-library,Java
277,thread-weaver,Java
278,google-authenticator-android,Java
279,google-authenticator,Java
280,material-design-icons,
281,autopiper,C++
282,woff2,C++
283,brotli,TypeScript
284,santa,Objective-C
285,ashier,Python
286,github-issue-mover,Dart
287,codemirror.dart,Dart
288,stenographer,Go
289,fplutil,Python
290,mysql-tools,Python
291,universal-dash-transmuxer,C++
292,cauliflowervest,Python
293,rappor,R
294,personfinder,Python
295,double-conversion,C++
296,rich-test-results,Java
297,go-webdav,Go
298,nogotofail,Python
299,search-samples,Java
300,identity-toolkit-node-client,JavaScript
301,pienoon,C++
302,elfling,C++
303,chaps-linux,Makefile
304,pkcs11test,C++
305,maps-for-work-samples,
306,dart-json_diff,Dart
307,dart-shapeshift,Dart
308,picasa-app-demo,Java
309,picview-for-android,Java
310,kir-holiday-lights,Lasso
311,vim-syncopate,Vim script
312,i18n_sanitycheck,Java
313,acai,Java
314,ioweb2015,JavaScript
315,libphonenumber,C++
316,AppSpeedIndex,Python
317,compare-codecs,Python
318,todo-tracks,Go
319,TouchTime,Java
320,google-api-javascript-client,CSS
321,bocado,Python
322,rysim,Erlang
323,protorpc,Python
324,go-shlex,
325,tuneup.dart,Dart
326,beacon-platform,
327,gdata-python-client,HTML
328,REAPER,C++
329,jsontoken-tmp,
330,traceout,Go
331,rowhammer-test,C++
332,coursebuilder-android-container-module,Python
333,file-system-stress-testing,C
334,material-design-lite,HTML
335,reflectable.dart,Dart
336,vim-codefmt,Vim Script
337,shipshape,Go
338,google-api-java-client-samples,Java
339,google-drive-proxy,C#
340,arrow-logo,Dart
341,webview-local-server,Java
342,spatial-media,Python
343,apitools,Python
344,fonts,HTML
345,encrypted-bigquery-client,Python
346,box2d.dart,Dart
347,allocation-instrumenter,Java
348,mr4c,Java
349,re2j,Java
350,or-tools,C++
351,cloud-cup,JavaScript
352,cloud-cup-android,Java
353,citizen-x,
354,reboot-somalia,
355,network-visualizer-x,
356,deliberate,
357,glog,C++
358,ringdroid,Java
359,play-work,Java
360,comid,Dart
361,cloud-print-connector,Go
362,cwd_jmp,Shell
363,jscin,JavaScript
364,blueprint,Go
365,keyczar,
366,zopfli,C++
367,gwt-charts,Java
368,generator-goro,JavaScript
369,gmailsnooze,JavaScript
370,python_portpicker,Python
371,securemessage,C++
372,classp,Bison
373,google-apputils,Python
374,reportlatency,Perl
375,irrduino,Processing
376,python-gflags,Python
377,jsontoken,Java
378,apis-client-generator,Python
379,nixysa,Python
380,crush-tools,Shell
381,gxui,Go
382,supersonic,C++
383,depan,Java
384,ytstatistics-demo,Java
385,gopacket,Go
386,szl,C++
387,easy-gwt-mock,Java
388,nfc-smart-tag,Java
389,password-alert,JavaScript
390,gcm,Java
391,yapf,Python
392,pytype,Python
393,ipaddr-py,Python
394,gson,Java
395,cluster-insight,Python
396,pub_cache,Dart
397,cluster-scheduler-simulator,Scala
398,wwgc,JavaScript
399,hyou,Python
400,santa-tracker-android,Java
401,mozc-devices,Python
402,hashing-demo,C++
403,google-drive-shell-extension,C++
404,osdetector-gradle-plugin,Java
405,packetdrill,C
406,codesearch,Go
407,wicked-good-xpath,JavaScript
408,binplist,Python
409,objectfilter,Python
410,coursebuilder-hello-world-module,Python
411,CallBuilder,Java
412,dart-doc_coverage,Dart
413,built_collection.dart,Dart
414,tritious,JavaScript
415,older-mirrored-patches,
416,pindrop,C++
417,gdata-java-client,Java
418,motive,C++
419,UIforETW,C++
420,testimony,Go
421,web_notifications.dart,Dart
422,protobuf-gradle-plugin,Groovy
423,archive-patcher,Java
424,chrome-opt-out-extension,JavaScript
425,gtm-http-fetcher,Objective-C
426,vim-coverage,Vim Script
427,gdata-objectivec-client,Objective-C
428,gtm-oauth,Objective-C
429,google-toolbox-for-mac,Objective-C
430,earthengine-api,JavaScript
431,mozc,C++
432,json-sans-eval,HTML
433,py-html-contextual-escaping,Python
434,jacs,Python
435,rust-multihash,Rust
436,vim-colorscheme-primary,Vim Script
437,password-sync-support-tool,VBScript
438,windowtester,Java
439,google-visualization-java,Java
440,google-visualization-python,Python
441,voter-info-tool,JavaScript
442,webkit_inspection_protocol.dart,Dart
443,navc,Go
444,honggfuzz,C
445,google-visualization-issues,
446,MOE,Java
447,google-java-format,Java
448,gmail-oauth2-tools,Python
449,service_worker.dart,Dart
450,librato.dart,Dart
451,MOE-py,Java
452,nsjail,C++
453,caliper,Java
454,watchpresenter,Java
455,styleguide,HTML
456,zooshi,C++
457,gojiraw,Go
458,shlex,Go
459,sensei,C++
460,emoji4unicode,Python
461,enjarify,Python
462,godata,Go
463,contentbox,CSS
464,java-sourcetools,Java
465,blkcgroup,Python
466,io-captions-gadget,Python
467,keytransparency,Go
468,codename-mvsv,JavaScript
469,incremental-dom,TypeScript
470,o3dtoydefense,JavaScript
471,clojure-turtle,Clojure
472,cncmicroscope-code,C++
473,cncmicroscope-cad,OpenSCAD
474,martian,Go
475,closure-linter,Python
476,account-provisioning-for-google-apps,Java
477,squires,Python
478,textfsm,Python
479,calenviroscreen,R
480,eddystone,C
481,omaha,C++
482,snappy-start,C
483,deepdream,
484,terminal-py,Python
485,kati,C++
486,dotty,Python
487,orderedcode,Go
488,jsonapi,Go
489,gemmlowp,C++
490,glslang,
491,built_value.dart,Dart
492,enum_class.dart,
493,built_json.dart,
494,transit,
495,simplecfg,Java
496,googletest,C++
497,cluster-data,TeX
498,wear-screeninfo,Java
499,wear-displaylock,Java
500,android-studio-check,Java
501,wear-sensors,Java
502,capirca,Python
503,rfmt,Python
504,shaderc,C++
505,hilbert,Go
506,virtualdesktops-extension,JavaScript
507,ferret,Java
508,android-gradle-dsl,HTML
509,sagetv,Java
510,badwolf,Go
511,citest,Python
512,spherical-harmonics,C++
513,gtm-session-fetcher,Objective-C
514,gtm-oauth2,Objective-C
515,google-api-objectivec-client,
516,farmhash,C++
517,cityhash,Shell
518,binnavi,Java
519,dart-glfw,C++
520,dart-gl,C++
521,git-phabricator-mirror,Go
522,git-appraise,Go
523,appengine-phabricator,Shell
524,appengine-codiad,JavaScript
525,music-synthesizer-for-android,Jupyter Notebook
526,cloud-reporting,Java
527,googlemock,
528,openhtf,Python
529,digitalassetlinks,PureBasic
530,binexport,C++
531,Chrome.Docs,JavaScript
532,organ-donor-app,
533,google-gdata,C#
534,appengine-jenkins,Shell
535,language-resources,C++
536,last-fm-dashboard,JavaScript
537,Accessibility-Test-Framework-for-Android,Java
538,inception,
539,multibox,
540,Safelight,JavaScript
541,cctz,C++
542,turbinia,Python
543,usbinfo,Python
544,copr-sundry,Shell
545,language-jsonnet,
546,talkback,Java
547,s2-geometry-library-java,Java
548,freebase-wikidata-converter,PHP
549,vim-jsonnet,Vim Script
550,cloudprint_logocert,Python
551,climb-tracker,Java
552,macops-keychainminder,Objective-C
553,easypki,Go
554,macops-planb,Objective-C
555,macops-molcertificate,Objective-C
556,scene_lab,C++
557,macops-molcodesignchecker,Objective-C
558,ngx_brotli,C
559,santa-tracker-web,JavaScript
560,syzkaller,Go
561,android-classyshark,Java
562,checkers,Python
563,strabo,Elixir
564,vim-searchindex,Vim script
565,pods-helper,Objective-C
566,streamhtmlparser,C
567,mail-importer,Java
568,shipshape-demo,Python
569,docopt-scripts,Go
570,mysql-protobuf,C++
571,dart-scissors,Dart
572,dart-immutables,Dart
573,import-mailbox-to-gmail,Python
574,rpki-mgmt,Puppet
575,goterm,Go
576,crisis-info-hub,JavaScript
577,python-fanotify,C
578,jalic,C
579,coverage,Emacs Lisp
580,clang-lens,Haskell
581,eslint-config-google,JavaScript
582,prettytensor,Python
583,homebrew-xpra,Ruby
584,steamkeysactivator,AppleScript
585,xpra-upstart,
586,terminal-app-function-keys,Python
587,zeroshell-linode,Shell
588,PS3ControllerAutoSleep,AppleScript
589,git-appraise-eclipse,Java
590,sawbuck,C++
591,go-tspi,Go
592,breadboard,C++
593,corgi,C++
594,image-compression,C++
595,python-subprocess32,Python
596,closure-compiler-npm,JavaScript
597,s2geometry,C++
598,chartjs.dart,Dart
599,flatui,C++
600,fplbase,C++
601,http2preload,Go
602,acme,Go
603,intellij-cmdline-vcs-plugin,Java
604,homebrew-google-authenticator,Ruby
605,node-nest,JavaScript
606,translation-cards,Java
607,checkers_classic,Python
608,closure-builder,JavaScript
609,coding-with-chrome,JavaScript
610,seesaw,Go
611,google-id-token,Ruby
612,chord,JavaScript
613,google-maven-parents,
614,qrisp,C++
615,cmockery,Shell
616,multichase,C
617,hover,Java
618,ORFConverter,C#
619,agera,Java
620,mysql,C++
621,weasel,Go
622,templatekit,Objective-C
623,piex,C++
624,prudaq,Eagle
625,openpgp-interop,
626,vectorio,Go
627,chained-promise,TypeScript
628,brailleback,Java
629,light-my-piano,Python
630,topdown-btg-preordering,C++
631,ioweb2016,HTML
632,metrosvg,C++
633,chicago-brick,TypeScript
634,safe-html-types,Java
635,vsaq,JavaScript
636,ion,C++
637,opentest4j,Java
638,libgep,C++
639,pprof,Go
640,butteraugli,C++
641,EarlGrey,Objective-C
642,blockly-repo,
643,git-pull-request-mirror,Go
644,maketrace,C++
645,tcpauth,C
646,stress_transfer,Python
647,blockly-android,Java
648,blockly-ios,Swift
649,blockly-tools,Shell
650,flooefi,
651,physical-web-core,
652,gulava,Java
653,der-ascii,Go
654,tarpc,Rust
655,offline-content-packager,
656,kythe-cloud9,JavaScript
657,uuid,Go
658,hops,C++
659,highwayhash,C++
660,AppUpdateTrackerLib,Java
661,resolver-library,Python
662,go-jsonnet,Go
663,flutter-data,Dart
664,vim-selector,Vim script
665,horenso,Perl
666,logger,Go
667,subcommands,Go
668,audit-normalmap,C
669,walt,Java
670,breakpad,C++
671,access-bridge-explorer,C#
672,vim-codereview,Vim script
673,marzipano,JavaScript
674,nomulus,Java
675,macops-MOMenu,Objective-C
676,googet,Go
677,boringssl,C
678,arc-xcode-test-engine,PHP
679,agata,JavaScript
680,openssl-tests,Makefile
681,linux-sensor,C
682,winops,Go
683,neper,C
684,oauth2l,Go
685,proto-quic,
686,vulkan-cpp-library,C++
687,packet-queue,Python
688,arc-proselint,PHP
689,arc-jazzy-linter,PHP
690,android-arscblamer,Java
691,science-journal-arduino,C
692,ndprbrd,C++
693,arc-regex-line-length-linter,PHP
694,bzip2-rpc,C
695,makerfaire-booth,Python
696,GOS-conventions,Shell
697,support-tools,Python
698,dorusu-js,JavaScript
699,sparrowhawk,Shell
700,mirandum,Python
701,google-api-objectivec-client-for-rest,Objective-C
702,martian-java,Java
703,zoekt,Go
704,py-decorators-tutorial,Jupyter Notebook
705,proto-lens,Haskell
706,flexbox-layout,Kotlin
707,safebrowsing,Go
708,paper-gui,HTML
709,reagera,Java
710,trillian,Go
711,protobuf-dt,Java
712,schemaorg-java,Java
713,mawfs,Go
714,macops-MOLAuthenticatingURLSession,Objective-C
715,merge_pyi,Python
716,clerk,C++
717,transliteration,
718,neuroglancer,TypeScript
719,google-empty-test-module,
720,dynamex-proto,Protocol Buffer
721,bluesky-watchface,C
722,ctfscoreboard,Python
723,cld3,C++
724,git-appraise-web,HTML
725,cordova-plugin-browsertab,Java
726,compact_enc_det,C
727,channel-id-enclave,
728,protocall,Python
729,flutter_flux,Dart
730,addlicense,Go
731,gitwf,
732,swiftshader,C++
733,godepq,Go
734,drone-firebase,Go
735,stijl,JavaScript
736,slothfs,Go
737,closure-compiler-js,JavaScript
738,idris-protobuf,Idris
739,slowfs,Go
740,oss-fuzz,Shell
741,certificate-transparency-java,Java
742,civics_cdf_validator,Python
743,unimorph,HTML
744,play-licensing,Java
745,us-altgr-intl,Perl
746,go-circuits,Go
747,subpar,Python
748,cameraview,Java
749,GTMAppAuth,Swift
750,morphie,C++
751,font-go,Go
752,squidwarden,Go
753,turbine,Java
754,heroku-buildpack-bazel,Shell
755,auto-factory,
756,auto-service,
757,auto-common,
758,gps-measurement-tools,Java
759,budou,Python
760,dualhttp,JavaScript
761,copybara,Java
762,hdrnet,Python
763,x509test,Python
764,etc2comp,C++
765,depth_fusion,C++
766,goldfinch,
767,rustcxx,Rust
768,kafel,C
769,perf_data_converter,C++
770,observable,Dart
771,dart2java,Java
772,election-au-2016,Go
773,web-bsd-hunt,Go
774,gde-speakersbureau,JavaScript
775,token_bind,C
776,param_runner,Shell
777,fuzzer-test-suite,C
778,dtask,C
779,fpc,C
780,periph,Go
781,csp-evaluator,TypeScript
782,bbr,
783,bgu,C++
784,geovelo,JavaScript
785,beautiful-audio-editor,JavaScript
786,netstack,Go
787,guetzli,C++
788,request-test,Python
789,macops-MOLFCMClient,Objective-C
790,everythingisconnected,JavaScript
791,rtc-video-quality,Python
792,meterstick,Jupyter Notebook
793,github-owners-bot,JavaScript
794,bloaty,C++
795,mobly,Python
796,indexable-pwa-samples,JavaScript
797,wycheproof,Java
798,google-authenticator-libpam,C
799,gops,Go
800,indexed-db-as-promised,JavaScript
801,gotrace,
802,ngx_token_binding,C
803,gnostic,Go
804,power-traces,Protocol Buffer
805,gonids,Go
806,conferenceDB,HTML
807,mathsteps,JavaScript
808,FluidNet,Lua
809,sass_generator,
810,mobly-snippet-lib,
811,gitiles,Java
812,uniflow-polymer,HTML
813,emre,C++
814,smilesparser,Python
815,CodeCity,JavaScript
816,fest,
817,draco,C++
818,pblog,C
819,mcafp,Python
820,conscrypt,Java
821,sprockets,Python
822,EXEgesis,C++
823,source_transformer.dart,Dart
824,android-key-attestation,Java
825,youtube-8m,Python
826,grumpy,Go
827,mcic-coco,
828,readahead,Go
829,adapt-googleanalytics,JavaScript
830,yang_vocoder,Matlab
831,shenzhen-go,JavaScript
832,simple-reinforcement-learning,Python
833,keystone,Elm
834,libprotobuf-mutator,C++
835,shaderc-rs,Rust
836,cpp-frp,C++
837,fancy-regex,Rust
838,fchan-go,Go
839,ezgantt,JavaScript
840,mobly-bundled-snippets,Java
841,glazier,Python
842,makerspace-auth,Python
843,volley,Java
844,xdelta3-decoder-js,C
845,kiwi-solver,Java
846,file.dart,Dart
847,pyu2f,Python
848,process.dart,Dart
849,fury,Go
850,netbsd-gce,Shell
851,eng-edu,Jupyter Notebook
852,platform.dart,Dart
853,tie,JavaScript
854,arithmancer,Python
855,gapid,Go
856,mug,Java
857,dropzone-polyfill,HTML
858,ot-crdt-papers,JavaScript
859,python-fire,Python
860,mechahamster,C#
861,xmpmeta,C++
862,tflow2,Go
863,codeu_project_2017,Java
864,easybundler,Java
865,seq2seq,Python
866,eventid-js,TypeScript
867,infra-structured-map,Java
868,sentencepiece,C++
869,containerregistry,Python
870,brotli-wheels,
871,OctoPrint-LEDStripControl,Python
872,nsync,C
873,google-drive-dokany,C
874,cdep,Java
875,varstruct,C++
876,cssi-blogasaurus,HTML
877,eclipse2017,Python
878,amp-pwa-demo,JavaScript
879,tacotron,HTML
880,ubntools,Go
881,earthenterprise,C++
882,GeoexperimentsResearch,R
883,DirectXShaderCompiler,C++
884,xrtl,C++
885,virtual-tutors,HTML
886,energystrategies,TypeScript
887,codeu_coding_assessment_2017,Java
888,Zhi,Python
889,text2text,Python
890,licenseclassifier,Go
891,pam-cryptsetup,C
892,makerspace-emonth,KiCad
893,makerspace-partsbin,Python
894,OctoPrint-TemperatureFailsafe,Python
895,sync_http.dart,Dart
896,clif,C++
897,address-geocoder-js,HTML
898,mt,C++
899,ndash,C++
900,capture-thread,C++
901,aiyprojects-raspbian,Python
902,tamperchrome,TypeScript
903,security-research-pocs,C++
904,myelin-acorn-electron-hardware,Python
905,effcee,C++
906,goexpect,Go
907,sling,C++
908,edf,Go
909,synthesizer-io,Rust
910,helm-broker,Go
911,automation-inspector,JavaScript
912,kmsan,C
913,chatbase-node,JavaScript
914,gousb,Go
915,eslint-closure,JavaScript
916,certificate-transparency-go,Go
917,chkstream,Python
918,crclib.dart,Dart
919,jsinterop-generator,Java
920,amss,R
921,service-worker-detector,JavaScript
922,android-wear-stitch-script,Python
923,elemental2,Java
924,functions-demo,JavaScript
925,abpackage,R
926,huproxy,Go
927,inspectorspacetime,JavaScript
928,AEUX,JavaScript
929,ios-chatbot,Objective-C
930,calblink,Go
931,ci_edit,Python
932,go-microservice-helpers,Go
933,credstore,Go
934,vmregistry,Go
935,blockly-devtools,JavaScript
936,haskell-indexer,Haskell
937,cloudprober,Go
938,patents-public-data,Jupyter Notebook
939,tuple.dart,Dart
940,dcm-video-uploader,Python
941,lullaby,C++
942,streetview-publish-client-libraries,Java
943,webauthndemo,TypeScript
944,rttcp,Python
945,pytruth,Python
946,vk_callback_swapchain,C++
947,vulkan_test_applications,C++
948,grr_go_api_client,Go
949,lvmd,Go
950,metaserver,Go
951,microdhcpd,Go
952,samba-documents-provider,Java
953,j2cl,Java
954,berrydb,C++
955,asset-check,JavaScript
956,grr_go_client,Go
957,playhvz,Kotlin
958,creatism,HTML
959,ssl_logger,Python
960,tcp_killer,Python
961,bamboo-soy,Java
962,fscryptctl,C
963,go-cmp,Go
964,nanopb-podspec,Ruby
965,pubkeystore,Go
966,testrunner-rosemary,Java
967,okay,Go
968,clspv,LLVM
969,fscrypt,Go
970,spline,Java
971,angular-sticky-element,TypeScript
972,json_serializable.dart,Dart
973,git-annex-external-gcs,
974,pik,C++
975,RED,MATLAB
976,devicehub,Java
977,ffcc,MATLAB
978,codeu_coding_assessment_b_2017,Java
979,pagespeed-inslides,JavaScript
980,dbm-lineitem-copier,JavaScript
981,mono_repo.dart,Dart
982,ios-device-control,Java
983,sync3k-server,Scala
984,sync3k-client,TypeScript
985,ts-gulp,
986,gts,TypeScript
987,concourse-resources,Go
988,inverting-proxy,Go
989,crc32c,C++
990,python-cloud-utils,Python
991,keytransparency-java,Java
992,dev-on-chromeos-gce-setup,Shell
993,dev-on-chromeos-openvpn,Shell
994,dev-on-chromeos-che,
995,percy-node,JavaScript
996,marmot,Go
997,energysimulation,Jupyter Notebook
998,open-location-code-swift,Swift
999,chatbase-python,Python
1000,chatbase-dotnet,C#
1001,trix-auto-complete,JavaScript
1002,devtools-driver,Java
1003,MAB,R
1004,render-timing-for-unity,C++
1005,river,
1006,generativemloncloud,Python
1007,pawn,C++
1008,ds-trix-addon,JavaScript
1009,cel-spec,Go
1010,shell-encryption,C++
1011,new-project,
1012,microscopeimagequality,Python
1013,xctestrunner,Python
1014,corpuscrawler,Python
1015,verilogpp,Perl
1016,voice-iot-maker-demo,JavaScript
1017,sonic-midi,Ruby
1018,argtail-check,Go
1019,wasserstein-dist,Python
1020,gumbel_sinkhorn,Python
1021,gtd-txt,Shell
1022,bitutils,Python
1023,orbit,C++
1024,mipsqa,Python
1025,OctoPrint-HeaterTimeout,Python
1026,amp-client-id-library,JavaScript
1027,angular_cli,Dart
1028,gnxi,Python
1029,restor,Objective-C
1030,macops-MOLXPCConnection,Objective-C
1031,gsocguides,CSS
1032,VRD,Python
1033,tmppy,Python
1034,skylark,Go
1035,oboe,C++
1036,go-tika,Go
1037,Legilimency,Python
1038,bbcpu,Verilog
1039,active-learning,Python
1040,link022,Go
1041,amt-forensics,Python
1042,prochlo,C++
1043,go-intervals,Go
1044,yara-procdump-python,C
1045,YetAnotherChatApp,Java
1046,streaming_hdp,Go
1047,upvote_py2,Python
1048,tangent,Python
1049,bottery,JavaScript
1050,rerast,Rust
1051,dimsum,C++
1052,certtostore,Go
1053,teknowledge,Python
1054,myanmar-tools,Java
1055,helloargdx,Java
1056,dnsmasq_exporter,Go
1057,guava-beta-checker,Java
1058,svcca,Jupyter Notebook
1059,clicktrackers-panel,Python
1060,genomics-protos,Python
1061,hana-bq-beam-connector,
1062,self-published-geo,Python
1063,easy-grid,JavaScript
1064,ffn,Python
1065,jsinterop-base,Java
1066,pinotify,Java
1067,wuffs,C
1068,har-sanitizer,Python
1069,swift,
1070,swift-clang,C++
1071,swift-cmark,C
1072,swift-compiler-rt,C
1073,swift-corelibs-foundation,C
1074,swift-corelibs-libdispatch,C
1075,swift-corelibs-xctest,Swift
1076,swift-integration-tests,Python
1077,swift-llbuild,C++
1078,swift-lldb,C++
1079,swift-llvm,LLVM
1080,swift-package-manager,Swift
1081,ce-open-data-set,
1082,asymproj_edge_dnn,Python
1083,ced,C++
1084,dana,JavaScript
1085,crunchy,C++
1086,fleetspeak,Go
1087,deepvariant,Python
1088,pbvi,Python
1089,pyaedj,Python
1090,pasta,Python
1091,idaidle,CMake
1092,clasp,TypeScript
1093,stumblybot,Python
1094,web-activities,JavaScript
1095,unigem-objective-c,Objective-C
1096,joint_vae,OpenEdge ABL
1097,rejoiner,Java
1098,codemirror-mode-jsonnet,JavaScript
1099,code-review-bot,Go
1100,in-silico-labeling,Python
1101,java-monitoring-client-library,Java
1102,node-sec-roadmap,JavaScript
1103,gpu-emulation-stress-test,C++
1104,android-cuttlefish,Go
1105,nips_assignments,C++
1106,golden,Go
1107,speech_style_transfer,HTML
1108,dcm_bulk_onboarding,JavaScript
1109,web-audio-recognition,Jupyter Notebook
1110,js-green-licenses,TypeScript
1111,bottlerocket,Scala
1112,riegeli,C++
1113,cog,Python
1114,wayback-machine-button,JavaScript
1115,data-transfer-project,Java
1116,tf_mesh_renderer,Python
1117,yaricv32,Verilog
1118,chrome-ssh-agent,Go
1119,fhir,C++
1120,http_prefetching,JavaScript
1121,rbe-integration-test,Python
1122,aiyprojects-deeplearn-tensorflow,TypeScript
1123,tensorflow-tools,JavaScript
1124,node-h2-auto-push,TypeScript
1125,node-fastify-auto-push,TypeScript
1126,multichannel-audio-tools,C++
1127,google-reauth-python,Python
1128,coq-bpf,Coq
1129,processingjs-ide,JavaScript
1130,functional-objc,Objective-C
1131,promises,Objective-C
1132,hugeml,
1133,libnop,C++
1134,differentiable-atomistic-potentials,Python
1135,diff-match-patch,Python
1136,burst-denoising,Python
1137,hell0world-curriculum,HTML
1138,cornerstone,JavaScript
1139,cornerstoneTools,JavaScript
1140,cornerstoneWebImageLoader,JavaScript
1141,cornerstoneWADOImageLoader,JavaScript
1142,dicomParser,JavaScript
1143,trillian-examples,Go
1144,git-sync-changes,Shell
1145,detangle,JavaScript
1146,cpu_features,C++
1147,intelligent_annotation_dialogs,Jupyter Notebook
1148,pixelvisualcorecamera,Java
1149,go-trace,Go
1150,codeu_project_2018,Java
1151,pg_page_verification,C
1152,jarjar,Java
1153,synergyfinderengineered,R
1154,cornerstoneMath,JavaScript
1155,cargo-raze,Rust
1156,flutter-desktop-embedding,C++
1157,cel-cpp,C++
1158,compare_gan,Python
1159,guice-aqueduct,Java
1160,apps_script_tools,Dart
1161,dart_google_apps,Dart
1162,dl_bounds,Python
1163,resumable-assert,C
1164,startup-os,Java
1165,flutter.widgets,Dart
1166,flutter.plugins,Dart
1167,starthinker,Python
1168,monologue,Go
1169,nel-reporter-java,Java
1170,fast-simple-lcsk,C++
1171,rust-shell,Rust
1172,opentest,
1173,pulito,JavaScript
1174,bazel-common,Starlark
1175,schism,Scheme
1176,importlab,Python
1177,nvidia_libs_test,C++
1178,data-driven-discretization-1d,Jupyter Notebook
1179,voice-builder,JavaScript
1180,blue-green-deployment-controller,Go
1181,opencasebook,Ruby
1182,nel-collector,Go
1183,image-rebase,Go
1184,knusperli,C++
1185,charts,Dart
1186,cel-go,Go
1187,stm32_bare_lib,C
1188,layered-scene-inference,Python
1189,decoupled_gaussian_process,Python
1190,dnae,Python
1191,inject.dart,Dart
1192,sshkey-audit,Go
1193,python-lakeside,Python
1194,desugar_jdk_libs,Java
1195,go-containerregistry,Go
1196,cartoonset,HTML
1197,quickshift,C++
1198,GTXiLib,Objective-C
1199,go-cloud,Go
1200,emoji-scavenger-hunt,TypeScript
1201,vae-seq,Python
1202,nucleus,C++
1203,oodle-demo,HTML
1204,grittibanzli,C++
1205,loaner,Python
1206,ground-android,Kotlin
1207,hypebot,Python
1208,abstreet,Rust
1209,makerspace-lipo-charger,Makefile
1210,git-presubmit-linter,Shell
1211,synthmark,C++
1212,flogger,Java
1213,randen,C++
1214,dbm-trix-addon,JavaScript
1215,dcm-trix-addon,JavaScript
1216,segment,Go
1217,escapevelocity,Java
1218,btls,Haskell
1219,ahdlc,C
1220,ground-platform,TypeScript
1221,asylo,C++
1222,asylo-site,HTML
1223,aperture_supervision,Python
1224,maddpg-replication,Jupyter Notebook
1225,jwt_verify_lib,C++
1226,gvisor,Go
1227,google-ctf,Go
1228,pikov,Jupyter Notebook
1229,minions,Go
1230,galogen,C++
1231,statechart,C++
1232,cabal2bazel,Starlark
1233,bundletool,Java
1234,badwolf-drivers,Go
1235,android-management-api-samples,Jupyter Notebook
1236,rally,Java
1237,zazu,TypeScript
1238,audio-sync-kit,Python
1239,detectorgraph,C++
1240,docker-explorer,Python
1241,categorybuilder,Python
1242,play-instant-unity-plugin,C#
1243,kasane,Python
1244,coding-with-chrome-libraries,JavaScript
1245,uiimage-additions,Objective-C
1246,oatts,JavaScript
1247,iosched-ios,Swift
1248,capillary,Java
1249,chrome-tabber,JavaScript
1250,eDistantObject,Objective-C
1251,quic-trace,C++
1252,nftables,Go
1253,alertmanager-irc-relay,Go
1254,quark,C
1255,fastboot-mobile,Kotlin
1256,gif-for-cli,Python
1257,jws,Python
1258,dynamic-form,TypeScript
1259,gitprotocolio,Go
1260,node-armor,
1261,asr-recipes,Shell
1262,cssi-labs,HTML
1263,play-services-plugins,Java
1264,pybadges,Python
1265,gin-config,Python
1266,weighted-dict,Python
1267,sg2im,Python
1268,go-pbmoney,Go
1269,elements-sk,HTML
1270,astc-codec,C++
1271,active-qa,Python
1272,gtm-currency-rates-sync,JavaScript
1273,forklift,JavaScript
1274,meta_tagger,Python
1275,swift-jupyter,Python
1276,wwwbasic,JavaScript
1277,hotel-ads-etl-tool,Python
1278,hashtable-benchmarks,Jupyter Notebook
1279,identity-aware-prober,Go
1280,n-digit-mnist,Python
1281,amp-toolbox,JavaScript
1282,gpu-mux,Python
1283,where-am-i,Kotlin
1284,dopamine,Jupyter Notebook
1285,dcm-bulk-trafficking,JavaScript
1286,0x0g-2018-badge,C
1287,payjs,JavaScript
1288,adiantum,C
1289,filament,C++
1290,graph-gen,Python
1291,patrick,R
1292,node-dependency-analysis,TypeScript
1293,ftc-object-detection,C++
1294,ts-bridge,Go
1295,mentornet,Python
1296,angular-a11y-workshop,TypeScript
1297,fast-optimized-community-significance,R
1298,cpp-from-the-sky-down,HTML
1299,pedantic,Dart
1300,cocoapods-size,Python
1301,cloud-berg,Python
1302,platform_benchmarks,
1303,dokka,Kotlin
1304,sa360-flightsfeed,JavaScript
1305,java-photoslibrary,Java
1306,kunit-docs,HTML
1307,wikiloop-datasets,
1308,TrustScore,Jupyter Notebook
1309,php-photoslibrary,PHP
1310,keps,Go
1311,atlassian-addons-audit-sheet,Python
1312,flight-lab,Python
1313,tpm-js,C++
1314,cortex-demos,C++
1315,graphicsfuzz,Java
1316,ngrx-visualizer,TypeScript
1317,web-api-gateway,Go
1318,nodejs-wiki,JavaScript
1319,starlark-rust,
1320,mundane,Rust
1321,speaker-id,Python
1322,BucketServer,Go
1323,svalbard,Go
1324,stereo-magnification,Python
1325,python-temescal,Python
1326,docsy-example,HTML
1327,docsy,HTML
1328,vscode-bigquery,TypeScript
1329,copper,Python
1330,model-viewer,TypeScript
1331,uis-rnn,Python
1332,starlark-go,Go
1333,GiftStick,Python
1334,realestate10k,HTML
1335,jax,Python
1336,neural-logic-machines,Python
1337,renameio,Go
1338,node-gles,C++
1339,asylo-examples,C++
1340,python-spanner-orm,Python
1341,mozart,Python
1342,sa360-bulk-editor,JavaScript
1343,go-write,Go
1344,bongo,Rust
1345,python-yaml-config,Python
1346,xsecurelock-saver-rs,Rust
1347,amber,C++
1348,cbortree,Java
1349,coapblaster,Java
1350,splot-java,Java
1351,tock-on-titan,Rust
1352,proto-task-queue,Python
1353,bazel_rules_install,Starlark
1354,wire,Go
1355,opuscpp,C++
1356,schema-dts,TypeScript
1357,magic-github-proxy,Python
1358,hrx,CSS
1359,gvisor-containerd-shim,Go
1360,waze-ccp-gcp,Python
1361,python-laurel,Python
1362,python-dimond,Python
1363,vr180,Java
1364,aistreamer,C++
1365,cassowary.dart,Dart
1366,gulp-google-closure-deps,JavaScript
1367,apt-golang-s3,Go
1368,hrx-ruby,Ruby
1369,khll-paper-experiments,
1370,go-tpm-tools,C
1371,tfjs-mnist-workshop,Jupyter Notebook
1372,fswalker,Go
1373,dspl,Python
1374,cloud-function-edit-drive-permissions,Python
1375,web-hv,JavaScript
1376,tachometer,TypeScript
1377,hangouts-chat-bot-cloud-function-nodejs-example,JavaScript
1378,supl-client,Java
1379,ml-metadata,C++
1380,intermock,TypeScript
1381,vapso,JavaScript
1382,ukey2,Java
1383,gtm_load_timer,Objective-C
1384,orchestra,Python
1385,haskell-trainings,Haskell
1386,emoji-segmenter,C
1387,revisiting-self-supervised,Python
1388,mysql-ripple,C++
1389,knative-gcp,Go
1390,go-cabfile,Go
1391,clusterfuzz,Python
1392,graph_distillation,Python
1393,certificate-maker,JavaScript
1394,harpia,Shell
1395,trueview-sdf-generator,JavaScript
1396,empirical_calibration,Jupyter Notebook
1397,react-schemaorg,TypeScript
1398,git-patrol,Python
1399,android-uiconductor,Java
1400,campaign-manager-bulk-uploader,Python
1401,rpmpack,Go
1402,codeu-starter-project,Java
1403,typedoc-neo-theme,HTML
1404,orismologer,Go
1405,devx-tools,Go
1406,roman-word-bubbling,CSS
1407,nodejs-container-image-builder,TypeScript
1408,flutter-provide,Dart
1409,expt-analysis,Python
1410,.github,
1411,prog-edu-assistant,Jupyter Notebook
1412,peoplemath,TypeScript
1413,vc-defer,Emacs Lisp
1414,pprof-nodejs,JavaScript
1415,GSCXScanner,Objective-C
1416,vulncode-db,Python
1417,gov-meetings-made-searchable,Python
1418,sandboxed-api,C++
1419,zsldemo,Kotlin
1420,brunsli,C++
1421,cyanobyte,Python
1422,ps_log,PowerShell
1423,spectral-density,Python
1424,gnostic-go-generator,Go
1425,dart-neats,Dart
1426,crfs,Go
1427,fidi,C++
1428,go-attestation,Go
1429,codewords,TypeScript
1430,gvisor-website,HTML
1431,php-crc32,PHP
1432,paseos,JavaScript
1433,bazel-to-cmake,Python
1434,android-lint-performance-probe,Java
1435,pcbdl,Python
1436,neural-tangents,Jupyter Notebook
1437,wikiloop-doublecheck,TypeScript
1438,go-structeditor,Go
1439,e3d_lstm,Python
1440,tirg,Python
1441,hotel-booking-api-validator,Go
1442,usbmon,C
1443,licensecheck,Go
1444,zetasql,C++
1445,fuzzing,C++
1446,grassland,TypeScript
1447,TensorNetwork,Python
1448,pjflate,Java
1449,kf,Go
1450,pix-image-viewer,Rust
1451,note-maps,Go
1452,bookbot-navigation,C++
1453,audio-to-tactile,C
1454,chromeosnavigationdemo,Kotlin
1455,next-prediction,Python
1456,sha1dc-jni,Java
1457,playground-elements,TypeScript
1458,gerrit-linter,Go
1459,openjdk-kerberos,Java
1460,vxsig,C++
1461,chive-varying-prosody-icml-2019,HTML
1462,zetasketch,Java
1463,security-crawl-maze,HTML
1464,mannequinchallenge,Python
1465,prometheus-slo-burn-example,Go
1466,powered-caster-vehicle,C++
1467,cpp-async-rpc,C++
1468,dart_cli_pkg,Dart
1469,go-replayers,Go
1470,site-kit-wp,JavaScript
1471,robotstxt,C++
1472,go-metrics-stackdriver,Go
1473,distributed-git-forks,Shell
1474,mediapipe,C++
1475,inject-common,Java
1476,minijail,
1477,private-join-and-compute,C++
1478,unsmear,C++
1479,kleaver,C
1480,neural_rerendering_in_the_wild,Python
1481,retrieval-qa-eval,Python
1482,emitto,Go
1483,basis_universal,C++
1484,telluride_decoding,Python
1485,cm-user-tool,JavaScript
1486,pyctr,Python
1487,blockly-experimental,JavaScript
1488,driblet,Python
1489,ghc-source-gen,Haskell
1490,brain-tokyo-workshop,Jupyter Notebook
1491,common-sk,TypeScript
1492,struct2tensor,Python
1493,brandometer,Python
1494,android-kerberos-authenticator,Java
1495,googlesource-auth-tools,Go
1496,bulkan,TypeScript
1497,usd_from_gltf,C++
1498,tweakr,JavaScript
1499,tf-quant-finance,Python
1500,schedviz,Go
1501,jse4conf,Java
1502,AFL,C
1503,tabletopaudio-action,TypeScript
1504,ihmehimmeli,C++
1505,bi-tempered-loss,Python
1506,gnostic-grpc,Go
1507,mako,C++
1508,web-serial-polyfill,TypeScript
1509,gocw,Go
1510,emboss,Python
1511,blockly-samples,JavaScript
1512,earthengine-community,Jupyter Notebook
1513,ml-fairness-gym,Python
1514,qkeras,Python
1515,fusion-tables-archive-visualizer,TypeScript
1516,fusion-tables-drive-export,TypeScript
1517,edward2,Jupyter Notebook
1518,intellij-protocol-buffer-editor,Java
1519,live-transcribe-speech-engine,Java
1520,grpc-kapt,Kotlin
1521,lintush,JavaScript
1522,wikiloop-explorer,Vue
1523,android-emulator-container-scripts,Python
1524,sredocs,Go
1525,libsxg,C
1526,cpix_cc,C++
1527,wikiloop-wikidata-game,JavaScript
1528,compynator,Python
1529,google-my-business-samples,Python
1530,automl-video-ondevice,Python
1531,creative-screenshots,TypeScript
1532,boundedwait,Go
1533,rust-async-coap,Rust
1534,tcmalloc,C++
1535,night-sight,
1536,tcli,Python
1537,webpackager,Go
1538,applied-machine-learning-intensive,Jupyter Notebook
1539,deputy-api-python-client,Python
1540,safeside,C++
1541,earthstudio-ffmpeg-automator,Shell
1542,scrollytell,TypeScript
1543,rxcppuniq,C++
1544,fleetspeak-doc,
1545,minetest_pnr,Rust
1546,go-cmdtest,Go
1547,marl,C++
1548,differential-privacy,Go
1549,eng-practices,
1550,flutter_minimal_store,Dart
1551,highway,C++
1552,llvm-propeller,Shell
1553,oculi,Jupyter Notebook
1554,scaaml,Python
1555,poseshield-tfjs,Vue
1556,XNNPACK,C
1557,jsinterop-annotations,Java
1558,walk,C
1559,transperf,Python
1560,webrisk,Go
1561,splice,Go
1562,nginx-sxg-module,C
1563,trax,Python
1564,gfbuild-SPIRV-Tools,Shell
1565,AndroidForegroundCompat,Java
1566,llvm-premerge-checks,Python
1567,vkb,CMake
1568,gfbuild-amber,Shell
1569,gfbuild-angle,Shell
1570,gfbuild-glslang,Shell
1571,gfbuild-graphicsfuzz,Shell
1572,gfbuild-llpc,Shell
1573,gfbuild-swiftshader,Shell
1574,gfbuild-SPIRV-Cross,
1575,opensmartbutton,C
1576,xssxss,C
1577,sa360-bidbyweather,JavaScript
1578,reftable,C
1579,phase-prediction,HTML
1580,libcppbor,C++
1581,gapid-dev-releases,
1582,icing-search,
1583,airdialogue,Python
1584,airdialogue_model,Python
1585,floog,TSQL
1586,prefab,Kotlin
1587,kotlin,Kotlin
1588,virtual-authenticators-tab,JavaScript
1589,jarvan,Python
1590,sa360-bigquery-bootstrapper,Python
1591,cppdap,C++
1592,android-emulator-hypervisor-driver,C
1593,go-licenses,Go
1594,adcase,Python
1595,rust_icu,Rust
1596,fhir-examples,C++
1597,postcss-rename,TypeScript
1598,gps_data_solutions,Go
1599,lkml-gerrit-bridge,Python
1600,aukera,Go
1601,go-dap,Go
1602,embedding-tests,Python
1603,framework-for-osdu,Java
1604,disable-keyboard-shortcuts,Makefile
1605,sa360-webquery-bigquery,Java
1606,path-auditor,C++
1607,memcpy-gemm,C++
1608,visqol,C++
1609,multi-task-architecture-search,Python
1610,perfetto,C++
1611,eidos-audition,C++
1612,gpu-runtime,C++
1613,OpenSK,Rust
1614,lifetime_value,Jupyter Notebook
1615,it-cert-automation,Python
1616,it-cert-automation-practice,Python
1617,it-cert-automation-project,Python
1618,gcnn-survey-paper,Python
1619,alligator2,Python
1620,DOM-Tutorials,HTML
1621,vulkan-pre-rotation-demo,C++
1622,smbios-validation-tool,Go
1623,hrepl,Haskell
1624,git-rebaser,Python
1625,j2cl-protobuf,JavaScript
1626,flax,Python
1627,applied-computing-series,Python
1628,allied-oscillators,JavaScript
1629,localized-narratives,HTML
1630,modem,Jupyter Notebook
1631,agi,Go
1632,agi-dev-releases,Shell
1633,ruy,C++
1634,vulkan-performance-layers,C++
1635,webbundle,Rust
1636,software-product-sprint,Java
1637,argh,Rust
1638,pwlfit,Jupyter Notebook
1639,sqlcommenter,PHP
1640,fuzzbench,Python
1641,cloud-forensics-utils,Python
1642,cel-policy-templates-go,Go
1643,dv360-api,JavaScript
1644,chrome-media-audio-papers,HTML
1645,digitalbuildings,Python
1646,iot-environment-sensors,C++
1647,NeuroNER-CSPMC,Python
1648,guava-js-umd,JavaScript
1649,kctf,Go
1650,spindle-dv360,Python
1651,dart-basics,Dart
1652,gae-secure-scaffold-python3,Python
1653,ukip,Python
1654,evergreen-checker,Kotlin
1655,gomemcache,Go
1656,mweb-analysis-tools,JavaScript
1657,chive-prosody,HTML
1658,cloud-analytics-ts,TypeScript
1659,github-release-retry,Python
1660,create-framework,Dart
1661,fusion-power-video,C++
1662,cvelist,Python
1663,automl,Jupyter Notebook
1664,truestreet,Go
1665,certificate-transparency-community-site,HTML
1666,emoticon-composer-font,HTML
1667,android-fhir,Kotlin
1668,play-unity-plugins,C#
1669,fleetspeak-rs,Rust
1670,identity-credential,Java
1671,mysteryofthreebots,TypeScript
1672,dfdewey,Python
1673,tensorstore,C++
1674,tinkCryptoHelper,Java
1675,speed-opportunity-finder,Python
1676,report2bq,Python
1677,wmt19-paraphrased-references,
1678,rrg,Rust
1679,cuckoo-index,C++
1680,meet-on-fhir,JavaScript
1681,triage-party,Go
1682,CurbsidePickup,JavaScript
1683,tock,Rust
1684,json5format,Rust
1685,covid19-face-shield,
1686,nearby,C++
1687,slowjam,HTML
1688,kilt,Go
1689,goblet,Go
1690,glome,C
1691,abstracttext,JavaScript
1692,ide-perf,Kotlin
1693,draft-irtf-cfrg-vrf,Go
1694,go-flow-levee,Go
1695,ads-privacy,
1696,mlir-npcomp,
1697,link-diver,TypeScript
1698,exposure-notifications-server,Go
1699,segy-stack,C++
1700,exposure-notifications-android,Java
1701,simhospital,Go
1702,accompanist,Kotlin
1703,skywater-pdk,Python
1704,CTAP2-test-tool,C++
1705,xls,C++
1706,StrawNet,HTML
1707,swift-benchmark,Swift
1708,HardwarePrototypingToolkit,
1709,cpu-check,C++
1710,trimmed_match,Python
1711,resultstoreui,Python
1712,ui-exp-dg,Dart
1713,makani,C++
1714,go-safeweb,Go
1715,portrait-shadow-manipulation,Jupyter Notebook
1716,shopping-markup,Python
1717,sky-optimization,
1718,androiddevicesjs,TypeScript
1719,EtwToPprof,C#
1720,debaised-analysis,HTML
1721,exposure-notifications-verification-server,Go
1722,p4-pdpi,C++
1723,ml-compiler-opt,Python
1724,floodlight-audit,JavaScript
1725,swift-structural,Swift
1726,go-pcie-screamer,Go
1727,caliban,Python
1728,git-tree,Rust
1729,go-pcie-tlp,Go
1730,tsunami-security-scanner,Java
1731,tsunami-security-scanner-plugins,Java
1732,casfs,Python
1733,har2csv,JavaScript
1734,responsive-search-ads-builder,JavaScript
1735,repose,Python
1736,gf-layers,C++
1737,parallel-chunks,Python
1738,nitroml,Jupyter Notebook
1739,vbootrom,Assembly
1740,bms-toolkit,Shell
1741,wikiloop-analysis,Python
1742,making_with_ml,Jupyter Notebook
1743,security-research,C
1744,ldif,Python
1745,dv360-automation,Jupyter Notebook
1746,where-is-my-watch,
1747,uv-metrics,Python
1748,creatine-ads-inspector,Java
1749,assetMG,TypeScript
1750,framecount-colorbars-v1,Java
1751,triemap,Go
1752,step49-2020,Java
1753,step197-2020,Java
1754,standard-payments,
1755,lexical-masks,Python
1756,cabbie,Go
1757,project-OCEAN,Python
1758,accname,TypeScript
1759,dqm,Python
1760,go-streaming-globber,Go
1761,causal-panel-synthetic-data,R
1762,cloud-network-reachabilty,
1763,cloud-network-reachability,
1764,safehtml,Go
1765,xtoproto,Go
1766,madi,Python
1767,lasso,JavaScript
1768,mirror-branch-action,TypeScript
1769,lipsync,JavaScript
1770,agency-ads-management-solutions,JavaScript
1771,ormolu,Haskell
1772,fresnel,Go
1773,tsec,TypeScript
1774,auction-insights-visualization,JavaScript
1775,intellij-gn-plugin,Kotlin
1776,uncertainty-baselines,Python
1777,timecast,Python
1778,dv360-bidbyweather,JavaScript
1779,exposure-notifications-internals,Java
1780,DAPLink-port,C
1781,or-models,
1782,robotstxt-spec-test,Java
1783,serde_json5,
1784,sonic-p4rt,
1785,robotstxt-java,Java
1786,android-emulator-webrtc,JavaScript
1787,llvm-bazel,Starlark
1788,peg-typed,Kotlin
1789,tensorflow-recorder,Python
1790,latexify_py,Python
1791,process_runner,Dart
1792,knowledge-base-gmail-addon,JavaScript
1793,dv-3po,JavaScript
1794,vimscript-language-server,Rust
1795,osqp-cpp,C++
1796,pymql,Python
1797,bulkdozer,JavaScript
1798,hotels-template-library,C++
1799,fhir-data-pipes,Java
1800,webcrypto.dart,Dart
1801,pyvisionproductsearch,Python
1802,neural-light-transport,Python
1803,autocxx,Rust
1804,zero-touch-reseller-tool,Java
1805,controlled-noisy-web-labels,HTML
1806,rescue-tools-reiserfs,Python
1807,go-patchutils,Go
1808,ml_collections,Python
1809,objax,Python
1810,shoptimizer,Python
1811,fractribution,Python
1812,swiftlogfirecloud,Swift
1813,b-con,Python
1814,orthotope,Haskell
1815,x-amber,C
1816,soong_verification,Lean
1817,gcp-fwrule-open-domain,Shell
1818,zuckerli,C++
1819,structured_labels,Python
1820,eleventy-high-performance-blog,JavaScript
1821,actions-on-google-pq2-template-sdk,JavaScript
1822,tsunami,TypeScript
1823,article-recommender,Python
1824,gke-auditor,Java
1825,formal-ml,Lean
1826,CommonLoopUtils,Jupyter Notebook
1827,ga360-bqml-toolkit,Jupyter Notebook
1828,file-based-test-driver,C++
1829,sample-sql-translator,Python
1830,trillian-website,HTML
1831,lldb-eval,C++
1832,ac-library.cr,Crystal
1833,libprio-cc,C++
1834,llvm-project,
1835,aistreams,C++
1836,ksp,Kotlin
1837,mimosa,C++
1838,slo-generator,Python
1839,outrigger,JavaScript
1840,x,
1841,fhir-ml,
1842,actions-on-google-trivia-template-sdk,JavaScript
1843,actions-on-google-flashcards-template-sdk,JavaScript
1844,uVkCompute,C++
1845,federated-ml-health,Jupyter Notebook
1846,across,HTML
1847,healthcare-text-annotation,
1848,libprotobuf-mutator-asn1,C++
1849,vpn-libraries,C++
1850,plusfish,C++
1851,pre-commit-tool-hooks,Python
1852,picatrix,Python
1853,autol2,Python
1854,cluster-scoped-cicd,Makefile
1855,ads-account-structure-script,JavaScript
1856,overcoming-conflicting-data,
1857,context-expression-nature-study,MATLAB
1858,create-service-account,Python
1859,matched_markets,Python
1860,schemarama,JavaScript
1861,gazoo-device,Python
1862,tim-gan,Python
1863,CTAP2-test-tool-corpus,
1864,paragraph,C++
1865,libtrusttoken,C++
1866,device-access-codelab-web-app,JavaScript
1867,angular-directed-graph,TypeScript
1868,atheris,Python
1869,xscreensaver-dbus,Haskell
1870,anthos-microk8s,HCL
1871,analytics-audience-automation-tool,JavaScript
1872,hammer-kit,C
1873,opendocs,
1874,tcav-for-ehr,Python
1875,spatiotemporal-graphnn-tf,Jupyter Notebook
1876,skywater-pdk-libs-sky130_fd_pr,
1877,skywater-pdk-libs-sky130_fd_sc_hd,Verilog
1878,skywater-pdk-libs-sky130_fd_sc_hdll,Verilog
1879,skywater-pdk-libs-sky130_fd_sc_lp,Verilog
1880,skywater-pdk-libs-sky130_fd_sc_hs,Verilog
1881,skywater-pdk-libs-sky130_fd_sc_ms,Verilog
1882,skywater-pdk-libs-sky130_fd_sc_ls,Verilog
1883,skywater-pdk-libs-sky130_fd_sc_hvl,Verilog
1884,skywater-pdk-libs-sky130_fd_io,Verilog
1885,ga4-gtm-migration,JavaScript
1886,android-emulator-m1-preview,
1887,deluca,Python
1888,blockbuster,Python
1889,instrumentsToPprof,Go
1890,device-access-sample-web-app,JavaScript
1891,fedjax,Python
1892,ecclesia-machine-management,C++
1893,aidl-language,
1894,strict-csp,TypeScript
1895,retiming,Python
1896,binja-hexagon,Python
1897,season-of-docs,
1898,osv.dev,Python
1899,spirv-tutor,Shell
1900,aistplusplus_dataset,JavaScript
1901,aistplusplus_api,Python
1902,GoogleUtilities,Objective-C
1903,BIG-bench,Python
1904,GoogleDataTransport,Objective-C
1905,GoogleAppMeasurement,Swift
1906,semantic-locators,JavaScript
1907,model_search,Python
1908,perforce-utils,Shell
1909,aichoreographer,HTML
1910,shadertrap,C++
1911,gfbuild-shadertrap,Shell
1912,safevalues,TypeScript
1913,nerfies,Python
1914,secrets-gradle-plugin,Kotlin
1915,image-supplemental-feed-creator,Python
1916,TaglessCRM,Python
1917,monster-mash,C++
1918,GCP-deployment-scripts-for-PI-Core,PowerShell
1919,fuchsiaware,TypeScript
1920,chrometracing,Go
1921,nerfactor,Python
1922,open-dice,C++
1923,re2-wasm,TypeScript
1924,Kotlin-FirViewer,Kotlin
1925,duet,Python
1926,privacy-sandbox-aggregation-service,Go
1927,oss-vulnerability-guide,
1928,feedloader,Python
1929,dicomproxy,Java
1930,zoom-to-inpaint,Python
1931,TestParameterInjector,Java
1932,ms-tpm-20-ref,C
1933,pullsheet,Go
1934,magritte,C++
1935,transmat,TypeScript
1936,protodatastore-cpp,C++
1937,autocjk,Python
1938,bband-adaband,MATLAB
1939,example_extrapolation,Python
1940,autobidding-readiness-monitor,Python
1941,megalista,Python
1942,CFU-Playground,Verilog
1943,pigweed,C++
1944,k8s-digester,Go
1945,mediapy,Jupyter Notebook
1946,skywater-pdk-actions,Python
1947,hubvantage,JavaScript
1948,http_pattern_matcher,C++
1949,fledge-shim,TypeScript
1950,sge-monorepo,Go
1951,distributed_point_functions,C++
1952,lecam-gan,Jupyter Notebook
1953,lyra,C++
1954,jax-cfd,Jupyter Notebook
1955,oss-fuzz-vulns,Python
1956,security-annotation-tools,Kotlin
1957,merror,C++
1958,GoogleSignIn-iOS,Objective-C
1959,centaur,TypeScript
1960,source_helper.dart,Dart
1961,reflow-list,TypeScript
1962,wuffs-mirror-release-c,C
1963,iconvg,C
1964,deepmac,HTML
1965,connectedappssdk,Java
1966,exposure-notifications-private-analytics-ingestion,Java
1967,rdma-unit-test,C++
1968,taqo-paco,Dart
1969,look-before-you-speak,HTML
1970,recog,JavaScript
1971,triggerator,TypeScript
1972,moveit,Rust
1973,prog-edu-assistant-quizzes,Jupyter Notebook
1974,coset,Rust
1975,custom-tab-groups,JavaScript
1976,selinux-policy-languages,
1977,retriever_parsing,Python
1978,aiyprojects-raspbian-tools,Python
1979,seqio,Python
1980,shuwa,Python
1981,learn-oss-with-google,Python
1982,yggdrasil-decision-forests,C++
1983,wmt-mqm-human-evaluation,
1984,df-conformer,HTML
1985,skywater-pdk-libs-sky130_bag3_pr,Python
1986,dart_cli_script,Dart
1987,devlibrary,Vue
1988,command-fds,Rust
1989,JacquardSDKiOS,Swift
1990,JacquardSDKAndroid,Java
1991,polymorphicDSL,Java
1992,zx,JavaScript
1993,ehr-predictions,Python
1994,fully-homomorphic-encryption,C++
1995,modernstorage,Kotlin
1996,qhbm-library,Python
1997,kube-node-tracer,Shell
1998,xarray-beam,Python
1999,coop-analytics,Python
2000,cpp-proto-builder,C++
2001,mipnerf,Python
2002,init2winit,Python
2003,experience-accessibility,Java
2004,shifter,Go
2005,jni-bind,C++
2006,localsubnetsetd,Python
2007,gsrsup,C++
2008,co-op-4-all,TypeScript
2009,distbench,C++
2010,ghost-kernel,C
2011,ghost-userspace,C
2012,github-sandbox,
2013,talos-dv360,JavaScript
2014,devsite-template,
2015,mosaic,Rust
2016,maldoca,C++
2017,dv360-spend-monitoring-tool,JavaScript
2018,BEGIN-dataset,
2019,brax,Python
2020,prediction_framework,Python
2021,cronet.dart,Dart
2022,ga-serverless-streaming,Python
2023,gasket-driver,C
2024,ai-weather-climate,Python
2025,gps-babel-tower,Python
2026,mlir-hs,Haskell
2027,karma-webkit-launcher,JavaScript
2028,vscode-zxdb,TypeScript
2029,PINT,C
2030,lasr,Python
2031,platforms-bios-buildenv,Dockerfile
2032,floq-client,Python
2033,assortment-quality-for-shopping-ads,Python
2034,hs-attenuation,Haskell
2035,hs-batching,Haskell
2036,hs-collate,Haskell
2037,hs-dependent-literals,Haskell
2038,hs-fin-vec,Haskell
2039,hs-numeric-logarithms,Haskell
2040,hs-portray,Haskell
2041,hs-niche-containers,Haskell
2042,hs-ten,Haskell
2043,hs-wrapped,Haskell
2044,aegis_cipher,C++
2045,floody,Java
2046,jaxopt,Python
2047,product_video_ads,TypeScript
2048,rust-design-faq,
2049,ent,Go
2050,nsc-tutorial,Jupyter Notebook
2051,rtb_troubleshooting_connector,JavaScript
2052,nccl-fastsocket,C++
2053,deluca-lung,Python
2054,deluca-igpc,Jupyter Notebook
2055,sxg-rs,Rust
2056,usb-cereal,HTML
2057,google-analytics-utilities,JavaScript
2058,graph-mining,
2059,quiche,C++
2060,trusted-key-value-server,C++
2061,trusted-worklet-server,C++
2062,HyperProtoBench,C++
2063,emu-control,Go
2064,open-chiplet,
2065,trajax,Python
2066,deepconsensus,Python
2067,bsynth,C++
2068,dynamic-video-depth,Python
2069,libhidtelephony,TypeScript
2070,private-membership,C++
2071,re2d,D
2072,rba,Jupyter Notebook
2073,LLpatch,C++
2074,python-proto-converter,Python
2075,native-pkcs11,Rust
2076,explaining-in-style,Jupyter Notebook
2077,clusterfuzzlite,
2078,intellij-community,
2079,intellij-kotlin,
2080,fuse-archive,C++
2081,hiba,C
2082,esh,C
2083,ota-generator,Python
2084,one-weird-trick,Jupyter Notebook
2085,ota-analyzer,JavaScript
2086,data-pills,Jupyter Notebook
2087,grpc-java-bazel-minimal,Java
2088,assertor,Rust
2089,dwh-assessment-extraction-tool,Java
2090,s2a-go,Go
2091,hypernerf,Python
2092,android-auto-companion-ios,Swift
2093,dv360_feature_adoption,JavaScript
2094,crosvm,Rust
2095,android-cuttlefish-authentication,Python
2096,federated-compute,C++
2097,disapproved-ads-auditor,Python
2098,bevy_skybox_cubemap,Rust
2099,skywater-pdk-libs-sky130_fd_bd_sram,
2100,skywater-pdk-libs-sky130_fd_pr_reram,
2101,adh-deployment-manager,Python
2102,phoneme-aligned-graphemes-in-tts,HTML
2103,web-prototyping-tool,TypeScript
2104,etils,Python
2105,dynamicworld,Jupyter Notebook
2106,actions-on-google-template-sdk,
2107,conversion-audit,TypeScript
2108,android-auto-companion-android,Kotlin
2109,private-compute-services,Java
2110,balloon-learning-environment,Python
2111,ChromeBrowserEnterprise,Python
2112,private-retrieval,Java
2113,go-pkcs11,Go
2114,integers,C++
2115,h2e_technical_documentation,
2116,profit-bidder,Shell
2117,hctr2,C
2118,container-explorer,Go
2119,flaxformer,Python
2120,rune,C
2121,videotts,JavaScript
2122,aarch64-esr-decoder,Rust
2123,learned_optimization,Python
2124,rust-scudo,Rust
2125,localtoast,Go
2126,budoux,Python
2127,mount-zip,C++
2128,weather-tools,Python
2129,if-this-then-ad,TypeScript
2130,ghost-dataplane,C++
2131,ink-stroke-modeler,C++
2132,radium,HTML
2133,pezl,Go
2134,evojax,Jupyter Notebook
2135,go-cpy,Go
2136,postcss-src,TypeScript
2137,cell_img,Jupyter Notebook
2138,exists-ref,Rust
2139,aqt,Python
2140,analytics-settings-database,Python
2141,network-opt,C++
2142,tree-math,Python
2143,physics-math-tutorials,Jupyter Notebook
2144,distla_core,Python
2145,parallel_accel,Python
2146,medical_claims_tools,Go
2147,wireit,TypeScript
2148,secret-manager-with-sendgrid,Python
2149,log4jscanner,Go
2150,IdleWakeups,C#
2151,dtraceStacksToPprof,Go
2152,golden-path-for-app-delivery,Go
2153,silifuzz,C++
2154,rainbow,C++
2155,budoux-extension,TypeScript
2156,decoder-benchmarks-for-rust,Rust
2157,mobile-data-download,Java
2158,greasy,Shell
2159,rax,Python
2160,cwisstable,C++
2161,budget-protector,JavaScript
2162,horologist,Kotlin
2163,sxg-validator,JavaScript
2164,cloud-android-orchestration,Go
2165,multispecies-whale-detection,Python
2166,envoy-processor-examples,Go
2167,go-p11-kit,Go
2168,java-video-live-stream,Shell
2169,gcp_scanner,Python
2170,gcb-tools,Go
2171,tsunami-security-scanner-callback-server,Java
2172,lightweight_mmm,Python
2173,wide_bnn_sampling,Python
2174,fledge-key-value-server,
2175,summit-ast,Kotlin
2176,ads-api-report-fetcher,Python
2177,ad_language_monitor,JavaScript
2178,earthengine-jupyter,Jupyter Notebook
2179,splitbrain,Python
2180,vizier,Python
2181,longt5,
2182,.allstar,
2183,java-time-client,Java
2184,psp,C
2185,randomized-graphics-shaders,GLSL
2186,serde_json_lenient,Rust
2187,crubit,Rust
2188,pixelate,TypeScript
2189,recursive-version-control-system,Go
2190,consent-based-conversion-adjustments,Python
2191,android-auto-companion-app,Dart
2192,product-dsa,Python
2193,cronet-transport-for-okhttp,Java
2194,terraform-google-security-health-checker,HCL
2195,hardware-perfcounter,C
2196,gke-policy-automation,Go
2197,nanopb-cpputest-comparators,C++
2198,java-run,Java
2199,fleetbench,C++
2200,responsible-innovation,Jupyter Notebook
2201,dwh-migration-tools,Java
2202,tweakr-codelab,Kotlin
2203,brain_autorl,Python
2204,attention-center,Python
2205,googlesre,TypeScript
2206,github_actions_playground,Python
2207,building-secure-and-reliable-systems,HTML
2208,fiddle,Python
2209,ekep-analysis,Shell
2210,ceviche-challenges,Python
2211,auto-arborist,Jupyter Notebook
2212,github_workflows_playground,
2213,appengine-java-migration-samples,Java
2214,smccc,Rust
2215,hark,
2216,safe-active-record,Ruby
2217,devops-governance,
2218,array_record,C++
2219,liblc3,C
2220,travel-impact-model,
2221,device-infra,Java
2222,iap-compute-engine-demo,HCL
2223,grizzly,Python
2224,gps_soteria,Smarty
2225,quota-monitoring-solution,Java
2226,chiplets-cost-model,Python
2227,fss_machine_learning,C++
2228,gnostic-models,Go
2229,referring-manipulation,Python
2230,libsbc,C
2231,broken-dns,Go
2232,volux-gan,Python
2233,aarch64-paging,Rust
2234,low_volume_skus,JavaScript
2235,orbax,Python
2236,paranoid_crypto,Python
2237,sqlcommenter-php,PHP
2238,bigspicy,Python
2239,gke-cloud-dns-tls,Python
2240,snaplayout-for-xmonad,Haskell
2241,pyglove,Python
2242,fhir-gateway,Java
2243,bumble,Python
2244,centipede,
2245,sgtm-ga4-to-bigquery,Smarty
2246,CPR_channel_placement_reporting,
2247,cad_campaign_anomaly_detector,JavaScript
2248,csv-to-firestore,Python
2249,gpt-disk-rs,Rust
2250,longbet,C++
2251,xplat,Java
2252,vsf-time-series,Python
2253,moodle-on-gcp,Shell
2254,earthengine-catalog,Jsonnet
2255,fhir-app-examples,Kotlin
2256,draft-todo-chariton-dns-account-01,Dockerfile
2257,kepler,Python
2258,flutter_async_storage,Dart
2259,kiosk-app-reference-implementation,Kotlin
2260,libhoth,C
2261,poweranalysis,R
2262,praxis,Python
2263,paxml,Python
2264,causalexpanalysis,R
2265,agamotto,Python
2266,jira-to-issues,TypeScript
2267,sympy2jax,Python
2268,jaxtyping,Python
2269,codex,Python
2270,rubik,Python
2271,plb,
2272,sealedcomputing,C++
2273,cloud-resource-manager,Shell
2274,backup-dr-custom-roles,Shell
2275,hashr,Go
2276,open-source-pdks,
2277,globalfoundries-pdks,
2278,gf180mcu-pdk,Makefile
2279,globalfoundries-pdk-libs-gf180mcu_fd_bd_sram,
2280,globalfoundries-pdk-libs-gf180mcu_fd_io,Verilog
2281,globalfoundries-pdk-libs-gf180mcu_fd_pr,Python
2282,globalfoundries-pdk-libs-gf180mcu_osu_sc,
2283,globalfoundries-pdk-libs-gf180mcu_fd_sc_mcu7t5v0,Verilog
2284,globalfoundries-pdk-libs-gf180mcu_fd_sc_mcu9t5v0,Verilog
2285,globalfoundries-pdk-ip-gf180mcu_fd_ip_sram,Verilog
2286,skywater-pdk-sky130-raw-data,Jupyter Notebook
2287,oss-policies-info,
2288,stable-retraining-conversational-agents,
2289,tsunami-security-scanner-testbed,Go
2290,pmax_migration,Python
2291,gce-rescue,Python
2292,glance-experimental-tools,Kotlin
2293,viai-sdk,Python
2294,sky90fd-pdk,
2295,skywater-pdk-libs-sky90fd_fd_pr,
2296,skywater-pdk-libs-sky90fd_fd_sc,
2297,skywater-pdk-libs-sky90fd_osu_sc,
2298,skywater-pdk-libs-sky90fd_fd_io,
2299,skywater-pdk-ip-sky90fd_fd_ip_sram,
2300,drive-file-search-fix,JavaScript
2301,cross-device-sdk,Kotlin
2302,euphonia,TypeScript
2303,grain,Python
2304,allstar-config,
2305,sqlcommenter-laravel-php,PHP
2306,flutter-sw-rend,C++
2307,yamlfmt,Go
2308,fuzztest,C++
2309,setfilters,Java
2310,rtb_creative_filtering_report,TypeScript
2311,go-sev-guest,Go
2312,crumsort-rs,Rust
2313,liburing_cpp,C++
2314,ads-placement-excluder,Python
2315,typograms,JavaScript
2316,mcp2221-rs,Rust
2317,cfr,JavaScript
2318,tec-web-assignments,JavaScript
2319,containerdbg,C
2320,fhir-py,Python
2321,safetext,Go
2322,gtasks-md,Python
2323,calliope-paper-robot,
2324,python-card-framework,Python
2325,peripheral-customization-pwa,TypeScript
2326,ga4-gtm-utilities,JavaScript
2327,business_intelligence_group,Jupyter Notebook
2328,speedy,C
2329,zerocopy,Rust
2330,stm32-bootloader-client-rs,Rust
2331,baby-alligator,JavaScript
2332,t5patches,Python
2333,mystyle,Python
2334,gce-machine-type-recommendations,JavaScript
2335,skywater-pdks,
2336,tsl,C++
2337,roughtime,
2338,vertex-pipelines-boilerplate,Python
2339,uvq,Python
2340,prompt-to-prompt,Jupyter Notebook
2341,gematria,Python
2342,sgtm-migrator,TypeScript
2343,deck,Go
2344,asset-inventory-worksheet,Python
2345,crossmodal-3600,HTML
2346,hierarchical-state-machine.dart,Dart
2347,nanolibc,C
2348,wci,Python
2349,data-quality-monitor,Python
2350,executor.nvim,Lua
2351,pyink,Python
2352,android-auto-companion-calendarsync-ios,Swift
2353,repository-lifecycle,Dart
2354,applied-data-structures-algorithms,Jupyter Notebook
2355,googletest-rust,Rust
2356,bigwheels,C++
2357,security-testbeds,Python
2358,cast-moderator-centipede,C++
2359,auto-disposable,Dart
2360,cost-attribution-solution,
2361,python-security-manager,Python
2362,flutter-stream-extensions,Dart
2363,cdc-file-transfer,C++
2364,private-compute-libraries,Kotlin
2365,osv-scanner,Go
2366,forma,Rust
2367,pica,Rust
2368,ripunzip,Rust
2369,autobound,Python
2370,minimalloc,C++
2371,samurai,Python
2372,mangle,Go
2373,fetchchromium,Rust
2374,fhir-dbt-analytics,
2375,arb-editor,TypeScript
2376,casa-android,Kotlin
2377,hadoop-migration-assessment-tools,Java
2378,workflow-graph,TypeScript
2379,image_mix,Python
2380,visionai,Python
2381,smali,Java
2382,best,Rust
2383,app-reporting-pack,Shell
2384,belief-localization,
2385,saka,Python
2386,fsl-gaming,JavaScript
2387,comprehensive-rust,Rust
2388,metamath.js,JavaScript
2389,vertex-ai-benchmarker,Java
2390,looker-studio-dashboard-cloner,TypeScript
2391,project_cartesian,Python
2392,tabuli,C
2393,pywrapcc,C++
2394,taxonomy_wizard,Python
2395,pmax_best_practices_dashboard,Shell
2396,msft-on-gcp-code-samples,HCL
2397,cel-java,Java
2398,globalfoundries-pdk-libs-gf180mcu_fd_pv,Python
2399,github_nonpublic_api,Python
2400,temporian,Python
2401,openintent,
2402,budoux-illustrator-script,TypeScript
2403,jetpack-camera-app,Kotlin
2404,defi-for-good-contracts,TypeScript
2405,dv360-duplicator,TypeScript
2406,learn_unsafe_rust,
2407,go-pipeline,Go
2408,jaxite,Python
2409,ga4-ecom-attributor,
2410,tsmok,Python
2411,vandalir,LLVM
2412,android-riscv64,
2413,pdl-language,
2414,project-eager,Jupyter Notebook
2415,swissgl,JavaScript
2416,compute-virtual-ethernet-dpdk,C
2417,tekton-slsa-demo,Shell
2418,wasefire,Rust
2419,skyline_rl_lab,Jupyter Notebook
2420,tfp-causalimpact,Python
2421,saxml,Python
2422,rootcanal,C++
2423,lassie,Python
2424,video-localized-narratives,HTML
2425,rust-deadlock-avoidance,Rust
2426,keep-sorted,Go
2427,abseil-cpp-binary,Swift
2428,deps.dev,Shell
2429,grpc-binary,Swift
2430,dactionboard,Shell
2431,maxtext,Python
2432,dreambooth,
2433,omnimatte-sp,Python
2434,seatera,Python
2435,osdfir-infrastructure,Shell
2436,jaxonnxruntime,Python
2437,mouse-pose-analysis-dataset,Jupyter Notebook
2438,automated-native-creatives,TypeScript
2439,flutter-stager,Dart
2440,support-case-notifications,Shell
2441,coding-competitions-archive,HTML
2442,anonymous-tokens,C++
2443,briolette,Rust
2444,xarray-tensorstore,Python
2445,keyword_factory,Python
2446,profiling-data-processing-model-isca23-ae,Python
2447,cql-on-beam,Java
2448,mpact-sim,C++
2449,library-wrapper-unity-common,C#
2450,library-wrapper-unity-openjdk8,C#
2451,HyperCompressBench,Python
2452,aside,TypeScript
2453,polynomial-practice,HTML
2454,app-metadata-encoder,Java
2455,archat,TypeScript
2456,buzzer,Go
2457,custom-bidding-script-builder,JavaScript
2458,mdbook-i18n-helpers,Rust
2459,sgtm-event-data-filter,Smarty
2460,real-time-intelligence-workshop,Jupyter Notebook
2461,rust-crate-audits,
2462,shopping_insider,Python
2463,net_http,
2464,ad-manager-alerter,Python
2465,tadau,Python
2466,visualblocks,Python
2467,video-exclusion-toolbox,Python
2468,vertex-ai-nas,Python
2469,mpact-sim-codelabs,C++
2470,mpact-riscv,C++
2471,tour-of-wgsl,TypeScript
2472,generative-ai-docs,Jupyter Notebook
2473,automotive-design-compose,Rust
2474,speech_intelligibility_index,Python
2475,kinda-tidy,Python
2476,lk_onload_stub,C
2477,product_return_predictor,Python
2478,arm-gic,Rust
2479,sbat-rs,Rust
2480,receipts-to-riches-part1,C#
2481,heir,MLIR
2482,anonymous-counting-tokens,C++
2483,cloud-tpu-monitoring-debugging,HCL
2484,model-verifier-in-kotlin,Kotlin
2485,pdl,Rust
2486,chat-enhanced,JavaScript
2487,lut3d_utils,Python
2488,dynibar,Python
2489,generative-ai-swift,Swift
2490,flutter-mediapipe,
2491,ai_video_dubbing,Python
2492,groupavail,JavaScript
2493,v8-snapshot-ghidra-plugin,Java
2494,impl_trait_utils,Rust
2495,generative-ai-python,Python
2496,matr,Rust
2497,ads-bi-suite,Shell
2498,project-gameface,Python
2499,purr,Shell
2500,bt-test-interfaces,Python
2501,avatar,Python
2502,lineax,Python
2503,lium,Rust
2504,navi,Jupyter Notebook
2505,permhash,Python
2506,dataflow-ml-starter,Python
2507,receipts-to-riches-part2,C#
2508,takeout,
2509,libtracecmd-rs,Rust
2510,snippet-uiautomator,Java
2511,content_recommendation_using_word2vec,Python
2512,csv2pprof,Go
2513,malt-example-models,
2514,labs-prototypes,TypeScript
2515,go-react,Go
2516,ai_assisted_display_creative,Python
2517,aoss-springboot-sample-starter-project,Shell
2518,aoss-django-sample-starter-project,Shell
2519,mdoc-credential,Kotlin
2520,authenticode-rs,Rust
2521,aoss-verifier,Go
2522,merchant_center_repor_builder,Python
2523,partner-ads-experience,TypeScript
2524,go-tdx-guest,Go
2525,cddlconv,Rust
2526,mandiant-ti-client,Python
2527,apdu,Kotlin
2528,airio,Python
2529,file-header,Rust
2530,app-check,Objective-C
2531,dfiq,CSS
2532,vk-layer-for-rust,Rust
2533,capslock,Go
2534,interop-ios-for-google-sdks,Objective-C
2535,rust-p9,Rust
2536,gradle-thrift-plugin,Java
2537,snap-it,TypeScript
2538,Vulkan-Errata,Python
2539,sycophancy-intervention,Python
2540,android-security-lints,Kotlin
2541,conversational-surveys,JavaScript
2542,cpp-smt-wrapper,C++
2543,storybench,Python
2544,hi-lassie,Python
2545,model-transparency,Python
